{
  "best_degree": 2,
  "best_alpha": 4.6415888336127775,
  "cv_rmse_mean": 1.157798835965883,
  "cv_rmse_std": 0.9912837273729871,
  "test_rmse": 0.6832443340587501,
  "test_mae": 0.48449035658118217,
  "test_r2": 0.643757920027341,
  "features": [
    "MedInc",
    "HouseAge",
    "AveRooms",
    "AveBedrms",
    "Population",
    "AveOccup",
    "Latitude",
    "Longitude"
  ]
}